brand,model,weight_g,price_EUR,img_url,length_mm,width_mm,thickness_mm,display_size_pixels,internal_memory_GB,primary_camera_MP,secondary_camera_MP,battery_mAh,is_removable,screen_to_body_ratio,cpu_speed,ram_size,technology_type,color_support,additional_features
Samsung,Galaxy J7 Max,179,250,http://cdn2.gsmarena.com/vv/bigpic/samsung-galaxy-j7-max.jpg,156.7,78.8,8.1,1080 x 1920,32.0,13,13.0,3300.0,0,72.5,2.4,4.0,PLS,16M,[]
Samsung,Galaxy S8,155,700,http://cdn2.gsmarena.com/vv/bigpic/samsung-galaxy-s8-.jpg,148.9,68.1,8.0,1440 x 2960,64.0,12,8.0,3000.0,0,83.6,2.3,4.0,Super AMOLED,16M,[]
Samsung,Galaxy S8+,173,900,http://cdn2.gsmarena.com/vv/bigpic/samsung-galaxy-s8-plus-.jpg,159.5,73.4,8.1,1440 x 2960,64.0,12,8.0,3500.0,0,84.0,2.3,4.0,Super AMOLED,16M,[]
Samsung,Galaxy Xcover 4,172,240,http://cdn2.gsmarena.com/vv/bigpic/samsung-galaxy-xcover4-g390f-.jpg,146.2,73.3,9.7,720 x 1280,16.0,13,5.0,2800.0,1,64.3,1.4,2.0,IPS LCD,16M,[]
Samsung,Galaxy Tab S3 9.7,429,750,http://cdn2.gsmarena.com/vv/bigpic/samsung-galaxy-tab-s3-97-sm-t825.jpg,237.3,169.0,6.0,1536 x 2048,32.0,13,5.0,6000.0,0,72.7,2.15,4.0,Super AMOLED,16M,[]
Samsung,Galaxy J1 mini prime,126,110,http://cdn2.gsmarena.com/vv/bigpic/samsung-galaxy-j1-nxt.jpg,121.6,63.1,10.8,480 x 800,8.0,5,,1500.0,1,59.4,1.5,1.0,TFT,256K,[]
Samsung,Galaxy J3 Emerge,147,260,http://cdn2.gsmarena.com/vv/bigpic/samsung-galaxy-j3-emerge-.jpg,140.9,70.1,8.7,720 x 1280,16.0,5,2.0,2600.0,1,69.8,1.4,1.5,,16M,[]
Samsung,Galaxy C7 Pro,172,420,http://cdn2.gsmarena.com/vv/bigpic/samsung-galaxy-c7-pro.jpg,156.5,77.2,7.0,1080 x 1920,64.0,16,16.0,3300.0,0,74.1,2.2,4.0,Super AMOLED,16M,[]
Samsung,Galaxy A7 (2017),186,530,http://cdn2.gsmarena.com/vv/bigpic/samsung-galaxy-a7-2017.jpg,156.8,77.6,7.9,1080 x 1920,32.0,16,16.0,3600.0,0,73.6,1.9,3.0,Super AMOLED,16M,[]
Samsung,Galaxy A5 (2017),157,430,http://cdn2.gsmarena.com/vv/bigpic/samsung-galaxy-a5-2017-new.jpg,146.1,71.4,7.9,1080 x 1920,32.0,16,16.0,3000.0,0,71.5,1.9,3.0,Super AMOLED,16M,[]
Samsung,Galaxy A3 (2017),138,330,http://cdn2.gsmarena.com/vv/bigpic/samsung-galaxy-a3-2017.jpg,135.4,66.2,7.9,720 x 1280,16.0,13,8.0,2350.0,0,67.9,1.6,2.0,Super AMOLED,16M,[]
Samsung,Galaxy Grand Prime Plus,160,140,http://cdn2.gsmarena.com/vv/bigpic/samsung-galaxy-j2-prime-2016.jpg,144.8,72.1,8.9,540 x 960,8.0,8,5.0,2600.0,1,66.0,1.4,1.5,PLS,16M,[]
Samsung,Galaxy J2 Prime,160,130,http://cdn2.gsmarena.com/vv/bigpic/samsung-galaxy-j2-prime-2016.jpg,144.8,72.1,8.9,540 x 960,8.0,8,5.0,2600.0,1,66.0,1.4,1.5,PLS,16M,[]
Samsung,Galaxy C9 Pro,189,620,http://cdn2.gsmarena.com/vv/bigpic/samsung-galaxy-c9-pro-.jpg,162.9,80.7,6.9,1080 x 1920,64.0,16,16.0,4000.0,0,75.5,1.95,6.0,Super AMOLED,16M,[]
Samsung,Galaxy A8 (2016),182,560,http://cdn2.gsmarena.com/vv/bigpic/samsung-galaxy-a8-2016r1-.jpg,156.6,76.8,7.2,1080 x 1920,32.0,16,8.0,3300.0,0,74.5,2.1,3.0,Super AMOLED,16M,[]
Samsung,Galaxy On8,169,300,http://cdn2.gsmarena.com/vv/bigpic/samsung-galaxy-j7-2016.jpg,151.7,76.0,7.8,1080 x 1920,16.0,13,5.0,3300.0,1,72.3,1.6,3.0,Super AMOLED,16M,[]
Samsung,Galaxy On7 (2016),167,260,http://cdn2.gsmarena.com/vv/bigpic/samsung-galaxy-on7-2016-g6100-c.jpg,151.7,75.0,8.0,1080 x 1920,32.0,13,8.0,3300.0,0,73.3,2.0,3.0,,16M,[]
Samsung,Galaxy J5 Prime,143,230,http://cdn2.gsmarena.com/vv/bigpic/samsung-galaxy-j5-prime.jpg,142.8,69.5,8.1,720 x 1280,32.0,13,5.0,2400.0,0,69.4,1.4,2.0,PLS,16M,[]
Samsung,Galaxy J7 Prime,167,280,http://cdn2.gsmarena.com/vv/bigpic/samsung-galaxy-j7-prime.jpg,151.7,75.0,8.0,1080 x 1920,32.0,13,8.0,3300.0,0,73.3,1.6,3.0,PLS,16M,[]
Samsung,Z2,127,80,http://cdn2.gsmarena.com/vv/bigpic/samsung-z2.jpg,121.5,63.0,10.8,480 x 800,8.0,5,,1500.0,1,59.5,1.5,1.0,TFT,256K,[]
Samsung,Galaxy Note7 (USA),169,760,http://cdn2.gsmarena.com/vv/bigpic/samsung-galaxy-note7-usa.jpg,153.5,73.9,7.9,1440 x 2560,64.0,12,5.0,3500.0,0,79.0,2.15,4.0,Super AMOLED,16M,[]
Samsung,Galaxy Note7,169,850,http://cdn2.gsmarena.com/vv/bigpic/samsung-galaxy-note7.jpg,153.5,73.9,7.9,1440 x 2560,64.0,12,5.0,3500.0,0,78.0,2.3,4.0,Super AMOLED,16M,[]
Samsung,Galaxy On7 Pro,172,180,http://cdn2.gsmarena.com/vv/bigpic/samsung-galaxy-on7-.jpg,152.0,78.0,8.0,720 x 1280,16.0,13,5.0,3000.0,1,70.3,1.2,2.0,TFT,16M,[]
Samsung,Galaxy On5 Pro,149,150,http://cdn2.gsmarena.com/vv/bigpic/samsung-galaxy-on5.jpg,142.3,72.1,8.5,720 x 1280,16.0,8,5.0,2600.0,1,67.2,1.3,2.0,TFT,16M,[]
Samsung,Galaxy J Max,289,220,http://cdn2.gsmarena.com/vv/bigpic/samsung-galaxy-j-max3.jpg,186.9,108.8,8.7,800 x 1280,8.0,8,2.0,4000.0,0,69.9,1.5,1.5,TFT,16M,[]
Samsung,Galaxy J2 Pro (2016),138,160,http://cdn2.gsmarena.com/vv/bigpic/samsung-galaxy-j2-2016-new.jpg,142.4,71.1,8.0,720 x 1280,16.0,8,5.0,2600.0,1,68.1,1.5,2.0,Super AMOLED,16M,[]
Samsung,Galaxy J2 (2016),138,150,http://cdn2.gsmarena.com/vv/bigpic/samsung-galaxy-j2-2016-new.jpg,142.4,71.1,8.0,720 x 1280,8.0,8,5.0,2600.0,1,68.1,1.5,1.5,Super AMOLED,16M,[]
Samsung,Galaxy S7 active,184.8,710,http://cdn2.gsmarena.com/vv/bigpic/samsung-galaxy-s7-active.jpg,148.8,74.9,9.9,1440 x 2560,32.0,12,5.0,4000.0,0,64.3,2.15,4.0,Super AMOLED,16M,[]
Samsung,Galaxy J3 Pro,139,150,http://cdn2.gsmarena.com/vv/bigpic/samsung-galaxy-j3-2017r1.jpg,142.2,71.3,8.0,720 x 1280,16.0,8,5.0,2600.0,1,68.0,1.2,2.0,Super AMOLED,16M,[]
Samsung,Galaxy C7,169,450,http://cdn2.gsmarena.com/vv/bigpic/samsung-galaxy-c7.jpg,156.6,77.2,6.8,1080 x 1920,64.0,16,8.0,3300.0,0,74.1,2.0,4.0,Super AMOLED,16M,[]
Samsung,Galaxy C5,143,360,http://cdn2.gsmarena.com/vv/bigpic/samsung-galaxy-c5r3.jpg,145.9,72.0,6.7,1080 x 1920,64.0,16,8.0,2600.0,0,71.0,1.5,4.0,Super AMOLED,16M,[]
Samsung,Galaxy A9 Pro (2016),210,500,http://cdn2.gsmarena.com/vv/bigpic/samsung-galaxy-a9-pro1.jpg,161.7,80.9,7.9,1080 x 1920,32.0,16,8.0,5000.0,0,75.9,1.8,4.0,Super AMOLED,16M,[]
Samsung,Galaxy J7 (2016),170,230,http://cdn2.gsmarena.com/vv/bigpic/samsung-galaxy-j7-2016.jpg,151.7,76.0,7.8,720 x 1280,16.0,13,5.0,3300.0,1,72.3,1.6,2.0,Super AMOLED,16M,[]
Samsung,Galaxy J5 (2016),159,190,http://cdn2.gsmarena.com/vv/bigpic/samsung-galaxy-j5-2016r.jpg,145.8,72.3,8.1,720 x 1280,16.0,13,5.0,3100.0,1,70.7,1.2,2.0,Super AMOLED,16M,[]
Samsung,Galaxy Tab A 10.1 (2016),525,220,http://cdn2.gsmarena.com/vv/bigpic/samsung-galaxy-tab-a-101-2016.jpg,254.2,155.3,8.2,1200 x 1920,16.0,8,2.0,7300.0,0,74.9,1.6,2.0,PLS,16M,[]
Samsung,Galaxy Tab A 7.0 (2016),283,130,http://cdn2.gsmarena.com/vv/bigpic/samsung-galaxy-tab-a-70-2016-.jpg,186.9,108.8,8.7,800 x 1280,8.0,5,2.0,4000.0,0,69.9,1.3,1.5,IPS LCD,16M,[]
Samsung,Galaxy S7,152,500,http://cdn2.gsmarena.com/vv/bigpic/samsung-galaxy-s7--.jpg,142.4,69.6,7.9,1440 x 2560,64.0,12,5.0,3000.0,0,72.1,2.3,4.0,Super AMOLED,16M,[]
Samsung,Galaxy S7 edge,157,570,http://cdn2.gsmarena.com/vv/bigpic/samsung-galaxy-s7-edge-.jpg,150.9,72.6,7.7,1440 x 2560,128.0,12,5.0,3600.0,0,76.1,2.15,4.0,Super AMOLED,16M,[]
Samsung,Galaxy S7 edge (USA),157,550,http://cdn2.gsmarena.com/vv/bigpic/samsung-galaxy-s7-edge-usa.jpg,150.9,72.6,7.7,1440 x 2560,32.0,12,5.0,3600.0,0,76.1,2.15,4.0,Super AMOLED,16M,[]
Samsung,Galaxy S7 (USA),152,460,http://cdn2.gsmarena.com/vv/bigpic/samsung-galaxy-s7-usa.jpg,142.4,69.6,7.9,1440 x 2560,32.0,12,5.0,3000.0,0,72.3,2.15,4.0,Super AMOLED,16M,[]
Samsung,Galaxy J1 Nxt,123,90,http://cdn2.gsmarena.com/vv/bigpic/samsung-galaxy-j1-nxt.jpg,126.6,63.1,10.8,480 x 800,8.0,5,,1500.0,1,57.0,1.2,1.0,TFT,256K,[]
Samsung,Galaxy Tab E 8.0,360,180,http://cdn2.gsmarena.com/vv/bigpic/samsung-galaxy-tab-e-80.jpg,212.1,126.1,8.9,800 x 1280,16.0,5,2.0,5000.0,0,69.4,1.3,1.5,TFT,16M,[]
Samsung,Galaxy J1 (2016),131,130,http://cdn2.gsmarena.com/vv/bigpic/samsung-galaxy-j1-2016.jpg,132.6,69.3,8.9,480 x 800,8.0,5,2.0,2050.0,1,62.7,1.3,1.0,Super AMOLED,16M,[]
Samsung,Galaxy A9 (2016),200,460,http://cdn2.gsmarena.com/vv/bigpic/samsung-galaxy-a9-pro1.jpg,161.7,80.9,7.4,1080 x 1920,32.0,13,8.0,4000.0,0,75.9,1.8,3.0,Super AMOLED,16M,[]
Samsung,Galaxy A7 (2016),172,380,http://cdn2.gsmarena.com/vv/bigpic/samsung-galaxy-a7-2016.jpg,151.5,74.1,7.3,1080 x 1920,16.0,13,5.0,3300.0,0,74.3,1.6,3.0,Super AMOLED,16M,[]
Samsung,Galaxy A5 (2016),155,270,http://cdn2.gsmarena.com/vv/bigpic/samsung-galaxy-a5-2016.jpg,144.8,71.0,7.3,1080 x 1920,16.0,13,5.0,2900.0,0,72.5,1.6,2.0,Super AMOLED,16M,[]
Samsung,Galaxy A3 (2016),132,200,http://cdn2.gsmarena.com/vv/bigpic/samsung-galaxy-a3-2016.jpg,134.5,65.2,7.3,720 x 1280,16.0,13,5.0,2300.0,0,69.4,1.5,1.5,Super AMOLED,16M,[]
Samsung,Galaxy J3 (2016),138,140,http://cdn2.gsmarena.com/vv/bigpic/samsung-galaxy-j3.jpg,142.3,71.0,7.9,720 x 1280,16.0,8,5.0,2600.0,1,68.2,1.5,2.0,Super AMOLED,16M,[]
Samsung,Galaxy View,2.65,640,http://cdn2.gsmarena.com/vv/bigpic/samsung-galaxy-view.jpg,451.8,275.8,11.9,1080 x 1920,64.0,1,,5700.0,0,74.9,1.6,2.0,TFT,16M,[]
Samsung,Galaxy On7,172,180,http://cdn2.gsmarena.com/vv/bigpic/samsung-galaxy-on7-.jpg,151.8,77.5,8.2,720 x 1280,8.0,13,5.0,3000.0,1,70.9,1.2,1.5,TFT,16M,[]
Samsung,Galaxy On5,149,140,http://cdn2.gsmarena.com/vv/bigpic/samsung-galaxy-on5.jpg,142.3,72.1,8.5,720 x 1280,8.0,8,5.0,2600.0,1,70.0,1.3,1.5,TFT,16M,[]
Samsung,Z3,137,110,http://cdn2.gsmarena.com/vv/bigpic/samsung-z3.jpg,141.6,70.0,7.9,720 x 1280,8.0,8,5.0,2600.0,1,69.5,1.3,1.0,Super AMOLED,16M,[]
Samsung,Galaxy J1 Ace,131,140,http://cdn2.gsmarena.com/vv/bigpic/samsung-galaxy-j1-ace.jpg,130.1,67.6,9.5,480 x 800,4.0,5,2.0,1900.0,1,59.8,1.5,524288.0,Super AMOLED,16M,[]
Samsung,Galaxy Note5 (USA),171,540,http://cdn2.gsmarena.com/vv/bigpic/samsung-galaxy-note5.jpg,153.2,76.1,7.6,1440 x 2560,64.0,16,5.0,3000.0,0,76.8,2.1,4.0,Super AMOLED,16M,[]
Samsung,Galaxy Note5,171,590,http://cdn2.gsmarena.com/vv/bigpic/samsung-galaxy-note5.jpg,153.2,76.1,7.6,1440 x 2560,128.0,16,5.0,3000.0,0,75.9,2.1,4.0,Super AMOLED,16M,[]
Samsung,Galaxy Note5 Duos,171,600,http://cdn2.gsmarena.com/vv/bigpic/samsung-galaxy-note5.jpg,153.2,76.1,7.6,1440 x 2560,64.0,16,5.0,3000.0,0,76.8,2.1,4.0,Super AMOLED,16M,[]
Samsung,Galaxy S6 edge+ (USA),153,550,http://cdn2.gsmarena.com/vv/bigpic/samsung-galaxy-s6-edge-plus.jpg,154.4,75.8,6.9,1440 x 2560,64.0,16,5.0,3000.0,0,76.5,2.1,4.0,Super AMOLED,16M,[]
Samsung,Galaxy S6 edge+,153,530,http://cdn2.gsmarena.com/vv/bigpic/samsung-galaxy-s6-edge-plus.jpg,154.4,75.8,6.9,1440 x 2560,64.0,16,5.0,3000.0,0,75.6,2.1,4.0,Super AMOLED,16M,[]
Samsung,Galaxy S6 edge+ Duos,153,530,http://cdn2.gsmarena.com/vv/bigpic/samsung-galaxy-s6-edge-plus.jpg,154.4,75.8,6.9,1440 x 2560,64.0,16,5.0,3000.0,0,76.5,2.1,4.0,Super AMOLED,16M,[]
Samsung,Galaxy S5 Neo,145,350,http://cdn2.gsmarena.com/vv/bigpic/samsung-galaxy-s5-neo.jpg,142.0,72.5,8.1,1080 x 1920,16.0,16,5.0,2800.0,1,69.6,1.6,2.0,Super AMOLED,16M,[]
Samsung,Galaxy S4 mini I9195I,107,190,http://cdn2.gsmarena.com/vv/bigpic/samsung-galaxy-s4-mini-plus-gt-i9195i.jpg,124.6,61.3,8.9,540 x 960,8.0,8,9.0,1900.0,1,66.7,1.2,1.5,Super AMOLED,16M,[]
Samsung,Galaxy Tab S2 9.7,389,520,http://cdn2.gsmarena.com/vv/bigpic/samsung-galaxy-tab-s2-97.jpg,237.3,169.0,5.6,1536 x 2048,64.0,8,1.0,5870.0,0,72.7,1.9,3.0,Super AMOLED,16M,[]
Samsung,Galaxy Tab S2 8.0,265,440,http://cdn2.gsmarena.com/vv/bigpic/samsung-galaxy-tab-s2-80r1.jpg,198.6,134.8,5.6,1536 x 2048,64.0,8,1.0,4000.0,0,74.0,1.9,3.0,Super AMOLED,16M,[]
Samsung,Galaxy A8 Duos,151,380,http://cdn2.gsmarena.com/vv/bigpic/samsung-galaxy-a8-ds.jpg,158.0,76.8,5.9,1080 x 1920,32.0,16,5.0,3050.0,0,73.8,1.8,2.0,Super AMOLED,16M,[]
Samsung,Galaxy A8,151,350,http://cdn2.gsmarena.com/vv/bigpic/samsung-galaxy-a8-.jpg,158.0,76.8,5.9,1080 x 1920,32.0,16,5.0,3050.0,0,73.8,1.8,2.0,Super AMOLED,16M,[]
Samsung,Galaxy J7,171,250,http://cdn2.gsmarena.com/vv/bigpic/samsung-galaxy-j7-j700f.jpg,152.2,78.7,7.5,720 x 1280,16.0,13,5.0,3000.0,1,69.6,1.4,1.5,Super AMOLED,16M,[]
Samsung,Galaxy J5,146,160,http://cdn2.gsmarena.com/vv/bigpic/samsung-galaxy-j5-sm-j500f.jpg,142.1,71.8,7.9,720 x 1280,16.0,13,5.0,2600.0,1,67.5,1.2,1.5,Super AMOLED,16M,[]
Samsung,Galaxy Tab 4 10.1 (2015),487,280,http://cdn2.gsmarena.com/vv/bigpic/samsung-galaxy-tab-4-101-2015.jpg,243.4,176.4,7.9,1280 x 800,16.0,15,3.0,6800.0,0,68.9,1.2,1.5,TFT,16M,[]
Samsung,Galaxy S6 active,170,380,http://cdn2.gsmarena.com/vv/bigpic/samsung-galaxy-s6-active.jpg,146.8,73.4,8.6,1440 x 2560,64.0,16,5.0,3500.0,0,66.5,2.1,3.0,Super AMOLED,16M,[]
Samsung,Galaxy Xcover 3,154,220,http://cdn2.gsmarena.com/vv/bigpic/samsung-galaxy-xcover-3-new.jpg,132.9,70.1,10.0,480 x 800,8.0,5,2.0,2200.0,1,61.9,1.2,1.5,PLS,16M,[]
Samsung,Galaxy S6 edge (USA),132,600,http://cdn2.gsmarena.com/vv/bigpic/samsung-galaxy-s6-edge-cdma.jpg,142.0,70.1,7.1,1440 x 2560,128.0,16,5.0,2600.0,0,72.0,2.1,3.0,Super AMOLED,16M,[]
Samsung,Galaxy S6 (USA),140,410,http://cdn2.gsmarena.com/vv/bigpic/samsung-galaxy-s6-cdma.jpg,143.5,70.6,6.9,1440 x 2560,128.0,16,5.0,2550.0,0,70.8,2.1,3.0,Super AMOLED,16M,[]
Samsung,Galaxy S6 edge,132,420,http://cdn2.gsmarena.com/vv/bigpic/samsung-galaxy-s6-edge.jpg,142.1,70.1,7.0,1440 x 2560,128.0,16,5.0,2600.0,0,71.7,2.1,3.0,Super AMOLED,16M,[]
Samsung,Galaxy S6 Duos,138,400,http://cdn2.gsmarena.com/vv/bigpic/samsung-galaxy-s6.jpg,143.4,70.5,6.8,1440 x 2560,128.0,16,5.0,2550.0,0,70.9,2.1,3.0,Super AMOLED,16M,[]
Samsung,Galaxy S6,138,400,http://cdn2.gsmarena.com/vv/bigpic/samsung-galaxy-s6.jpg,143.4,70.5,6.8,1440 x 2560,128.0,16,5.0,2550.0,0,70.7,2.1,3.0,Super AMOLED,16M,[]
Samsung,Galaxy J1,122,110,http://cdn2.gsmarena.com/vv/bigpic/samsung-galaxy-j1-sm-j100h1.jpg,129.0,68.2,8.9,480 x 800,4.0,5,2.0,1850.0,1,59.8,1.2,524288.0,TFT,16M,[]
Samsung,Galaxy J2,129,150,http://cdn2.gsmarena.com/vv/bigpic/samsung-galaxy-j2.jpg,136.5,69.0,8.4,540 x 960,8.0,5,2.0,2000.0,1,64.7,1.3,1.0,Super AMOLED,16M,[]
Samsung,Galaxy Tab 3 Lite 7.0 VE,310,120,http://cdn2.gsmarena.com/vv/bigpic/samsung-galaxy-tab-3-lite.jpg,193.4,116.4,9.7,600 x 1024,8.0,2,,3600.0,0,61.3,1.3,1.0,TFT,16M,[]
Samsung,Z1,112,80,http://cdn2.gsmarena.com/vv/bigpic/samsung-z-1.jpg,120.4,63.2,9.7,480 x 800,4.0,15,,1500.0,1,59.8,1.2,786432.0,PLS,16M,[]
Samsung,Galaxy A7 Duos,141,300,http://cdn2.gsmarena.com/vv/bigpic/samsung-a7.jpg,151.0,76.2,6.3,1080 x 1920,16.0,13,5.0,2600.0,0,72.5,1.5,2.0,Super AMOLED,16M,[]
Samsung,Galaxy A7,141,300,http://cdn2.gsmarena.com/vv/bigpic/samsung-a7.jpg,151.0,76.2,6.3,1080 x 1920,16.0,13,5.0,2600.0,0,72.5,1.5,2.0,Super AMOLED,16M,[]
Samsung,Galaxy Grand Max,161,260,http://cdn2.gsmarena.com/vv/bigpic/samsung-galaxy-grand-max.jpg,146.0,74.8,7.9,720 x 1280,16.0,13,5.0,2500.0,1,68.6,1.2,1.5,IPS LCD,16M,[]
Samsung,Galaxy E7,141,230,http://cdn2.gsmarena.com/vv/bigpic/samsung-galaxy-e7.jpg,151.3,77.2,7.3,720 x 1280,16.0,13,5.0,2950.0,0,71.4,1.2,2.0,Super AMOLED,16M,[]
Samsung,Galaxy Core Prime,130,150,http://cdn2.gsmarena.com/vv/bigpic/samsung-galaxy-core-prime.jpg,130.8,67.9,8.8,480 x 800,8.0,5,2.0,2000.0,1,64.9,1.2,1.0,,16M,[]
Samsung,Galaxy A5 Duos,123,290,http://cdn2.gsmarena.com/vv/bigpic/samsung-a5.jpg,139.3,69.7,6.7,720 x 1280,16.0,13,5.0,2300.0,0,71.0,1.2,2.0,Super AMOLED,16M,[]
Samsung,Galaxy A5,123,260,http://cdn2.gsmarena.com/vv/bigpic/samsung-a5.jpg,139.3,69.7,6.7,720 x 1280,16.0,13,5.0,2300.0,0,71.0,1.2,2.0,Super AMOLED,16M,[]
Samsung,Galaxy A3 Duos,110.3,230,http://cdn2.gsmarena.com/vv/bigpic/samsung-a3.jpg,130.1,65.5,6.9,540 x 960,16.0,8,5.0,1900.0,0,65.5,1.2,1.0,Super AMOLED,16M,[]
Samsung,Galaxy A3,110.3,190,http://cdn2.gsmarena.com/vv/bigpic/samsung-a3.jpg,130.1,65.5,6.9,540 x 960,16.0,8,5.0,1900.0,0,65.5,1.2,1.0,Super AMOLED,16M,[]
Samsung,Galaxy S5 Plus,145,380,http://cdn2.gsmarena.com/vv/bigpic/samsung-galaxy-s5-g900f.jpg,142.0,72.5,8.1,1080 x 1920,32.0,16,2.0,2800.0,1,69.6,2.5,2.0,Super AMOLED,16M,[]
Samsung,Galaxy Pocket 2,107,100,http://cdn2.gsmarena.com/vv/bigpic/samsung-galaxy-pocket-2.jpg,109.9,60.8,11.7,240 x 320,4.0,2,,1200.0,1,50.5,1.0,524288.0,TFT,256K,[]
Samsung,Galaxy Grand Prime Duos TV,152,150,http://cdn2.gsmarena.com/vv/bigpic/samsung-galaxy-gran-prime-duos-tv-sm-g530bt.jpg,144.7,72.4,8.6,540 x 960,8.0,8,5.0,2600.0,1,65.8,1.2,1.0,TFT,16M,[]
Samsung,Galaxy Grand Prime,156,140,http://cdn2.gsmarena.com/vv/bigpic/samsung-galaxy-grand-prime-sm-g530h.jpg,144.8,72.1,8.6,540 x 960,8.0,8,5.0,2600.0,1,66.0,1.2,1.0,TFT,16M,[]
Samsung,Galaxy Ace Style LTE G357,126,200,http://cdn2.gsmarena.com/vv/bigpic/samsung-galaxy-ace-style-lte.jpg,128.9,65.8,9.1,480 x 800,8.0,5,3.0,1900.0,1,62.0,1.2,1.0,Super AMOLED,16M,[]
Samsung,Galaxy Note Edge,174,400,http://cdn2.gsmarena.com/vv/bigpic/samsung-galaxy-note-edge1.jpg,151.3,82.4,8.3,1600 x 2560,64.0,16,7.0,3000.0,1,77.2,2.7,3.0,Super AMOLED,16M,[]
Samsung,Galaxy Note 4 Duos,175,500,http://cdn2.gsmarena.com/vv/bigpic/samsung-galaxy-note-4-duos-sm-n9100.jpg,153.5,78.6,8.5,1440 x 2560,16.0,16,7.0,3000.0,1,74.2,2.7,3.0,Super AMOLED,16M,[]
Samsung,Galaxy Note 4 (USA),176,550,http://cdn2.gsmarena.com/vv/bigpic/samsung-galaxy-note-4-cdma.jpg,153.5,78.6,8.5,1440 x 2560,32.0,16,7.0,3220.0,1,73.4,2.7,3.0,Super AMOLED,16M,[]
Samsung,Galaxy Note 4,176,440,http://cdn2.gsmarena.com/vv/bigpic/samsung-galaxy-note-4-new.jpg,153.5,78.6,8.5,1440 x 2560,32.0,16,7.0,3220.0,1,73.4,2.7,3.0,Super AMOLED,16M,[]
Samsung,Galaxy Tab Active LTE,393,600,http://cdn2.gsmarena.com/vv/bigpic/samsung-galaxy-tab-active.jpg,213.1,126.2,9.7,800 x 1280,16.0,15,2.0,4450.0,1,69.0,1.2,1.5,,16M,[]
Samsung,Galaxy Tab Active,393,500,http://cdn2.gsmarena.com/vv/bigpic/samsung-galaxy-tab-active.jpg,213.1,126.2,9.7,800 x 1280,16.0,15,2.0,4450.0,1,69.0,1.2,1.5,,16M,[]
Samsung,Galaxy Mega 2,194,340,http://cdn2.gsmarena.com/vv/bigpic/samsung-galaxy-mega-2-r.jpg,163.6,84.9,8.6,720 x 1280,16.0,8,1.0,2800.0,1,71.5,1.5,1.5,,16M,[]
Samsung,Gear 2,68,230,http://cdn2.gsmarena.com/vv/bigpic/samsung-gear-2.jpg,58.4,36.9,10.0,320 x 320,4.0,2,,300.0,0,39.8,1.0,524288.0,Super AMOLED,16M,[]
Samsung,Galaxy S5 LTE-A G901F,145,390,http://cdn2.gsmarena.com/vv/bigpic/samsung-galaxy-s5-g900f.jpg,142.0,72.5,8.1,1080 x 1920,32.0,16,2.0,2800.0,1,69.6,2.5,2.0,Super AMOLED,16M,[]
Samsung,Galaxy Alpha (S801),115,450,http://cdn2.gsmarena.com/vv/bigpic/samsung-galaxy-alpha.jpg,132.4,65.5,6.7,720 x 1280,32.0,12,1.0,1860.0,1,70.2,2.5,2.0,Super AMOLED,16M,[]
Samsung,Galaxy Alpha,115,390,http://cdn2.gsmarena.com/vv/bigpic/samsung-galaxy-alpha.jpg,132.4,65.5,6.7,720 x 1280,32.0,12,1.0,1860.0,1,70.2,1.8,2.0,Super AMOLED,16M,[]
Samsung,Galaxy Avant,136.9,160,http://cdn2.gsmarena.com/vv/bigpic/samsung-galaxy-avant.jpg,132.9,66.0,9.9,540 x 960,16.0,5,,2100.0,1,63.6,1.2,1.5,TFT,16M,[]
Samsung,Galaxy S5 mini,120,220,http://cdn2.gsmarena.com/vv/bigpic/samsung-galaxy-s5-mini.jpg,131.1,64.8,9.1,720 x 1280,16.0,8,1.0,2100.0,1,65.7,1.4,1.5,Super AMOLED,16M,[]
Samsung,Galaxy S5 Sport,158,500,http://cdn2.gsmarena.com/vv/bigpic/samsung-galaxy-s5-sport.jpg,144.0,74.0,8.9,1080 x 1920,16.0,16,2.0,2800.0,1,67.3,2.5,2.0,Super AMOLED,16M,[]
Samsung,Galaxy S5 LTE-A G906S,145,550,http://cdn2.gsmarena.com/vv/bigpic/samsung-galaxy-s5-lte-a.jpg,142.0,72.5,8.1,1440 x 2560,32.0,16,2.0,2800.0,1,69.4,2.5,3.0,Super AMOLED,16M,[]
Samsung,Galaxy Tab S 8.4 LTE,298,370,http://cdn2.gsmarena.com/vv/bigpic/samsung-galaxy-tab-s-8.4.jpg,212.8,125.6,6.6,1600 x 2560,32.0,8,1.0,4900.0,0,76.5,2.3,3.0,Super AMOLED,16M,[]
Samsung,Galaxy Tab S 8.4,294,300,http://cdn2.gsmarena.com/vv/bigpic/samsung-galaxy-tab-s-8.4.jpg,212.8,125.6,6.6,1600 x 2560,32.0,8,1.0,4900.0,0,76.5,1.9,3.0,Super AMOLED,16M,[]
Samsung,Galaxy Tab S 10.5 LTE,467,440,http://cdn2.gsmarena.com/vv/bigpic/samsung-galaxy-tab-s-105.jpg,247.3,177.3,6.6,2560 x 1600,32.0,8,1.0,7900.0,0,72.9,2.3,3.0,Super AMOLED,16M,[]
Samsung,Galaxy Tab S 10.5,465,370,http://cdn2.gsmarena.com/vv/bigpic/samsung-galaxy-tab-s-105.jpg,247.3,177.3,6.6,2560 x 1600,32.0,8,1.0,7900.0,0,72.9,1.9,3.0,Super AMOLED,16M,[]
Samsung,I9301I Galaxy S3 Neo,132,270,http://cdn2.gsmarena.com/vv/bigpic/samsung-i9301l-galaxy-s3-neo.jpg,136.6,70.7,8.6,720 x 1280,16.0,8,9.0,2100.0,1,65.8,1.4,1.5,Super AMOLED,16M,[]
Samsung,Galaxy S5 Active,170.1,530,http://cdn2.gsmarena.com/vv/bigpic/samsung-galaxy-s5-active.jpg,145.3,73.4,8.9,1080 x 1920,16.0,16,2.0,2800.0,1,67.2,2.5,2.0,Super AMOLED,16M,[]
Samsung,Galaxy K zoom,200,440,http://cdn2.gsmarena.com/vv/bigpic/samsung-galaxy-k-zoom-new.jpg,137.5,70.8,16.6,720 x 1280,8.0,7,2.0,2430.0,1,65.2,1.3,2.0,Super AMOLED,16M,[]
Samsung,I9300I Galaxy S3 Neo,132,300,http://cdn2.gsmarena.com/vv/bigpic/samsung-i9300l-galaxy-s3-neo.jpg,136.6,70.8,8.6,720 x 1280,16.0,8,9.0,2100.0,1,65.7,1.4,1.5,Super AMOLED,16M,[]
Samsung,Galaxy Tab 4 7.0 3G,276,240,http://cdn2.gsmarena.com/vv/bigpic/samsung-galaxy-tab-4-70.jpg,186.9,107.9,9.0,800 x 1280,16.0,15,3.0,4000.0,0,70.5,1.2,1.5,TFT,16M,[]
Samsung,Galaxy Tab 4 7.0 LTE,276,280,http://cdn2.gsmarena.com/vv/bigpic/samsung-galaxy-tab-4-70.jpg,186.9,107.9,9.0,800 x 1280,16.0,15,3.0,4000.0,0,70.5,1.2,1.5,TFT,16M,[]
Samsung,Galaxy Tab 4 8.0,320,270,http://cdn2.gsmarena.com/vv/bigpic/samsung-galaxy-tab-4-80.jpg,210.0,124.0,8.0,800 x 1280,16.0,15,3.0,4450.0,0,71.3,1.2,1.5,TFT,16M,[]
Samsung,Galaxy Tab 4 10.1,487,270,http://cdn2.gsmarena.com/vv/bigpic/samsung-galaxy-tab-4-101.jpg,243.4,176.4,8.0,1280 x 800,16.0,15,3.0,6800.0,0,68.9,1.2,1.5,TFT,16M,[]
Samsung,Galaxy S5 Duos,145,420,http://cdn2.gsmarena.com/vv/bigpic/samsung-galaxy-s5-sm-g9009.jpg,142.0,72.5,8.1,1080 x 1920,16.0,16,2.0,2800.0,1,69.6,2.5,2.0,Super AMOLED,16M,[]
Samsung,Galaxy S5 (octa-core),145,380,http://cdn2.gsmarena.com/vv/bigpic/samsung-galaxy-s5-g900f.jpg,142.0,72.5,8.1,1080 x 1920,32.0,16,2.0,2800.0,1,69.6,1.9,2.0,Super AMOLED,16M,[]
Samsung,Galaxy S5 (USA),144.9,480,http://cdn2.gsmarena.com/vv/bigpic/samsung-galaxy-s5-cdma1.jpg,142.0,72.4,7.9,1080 x 1920,16.0,16,2.0,2800.0,1,69.7,2.5,2.0,Super AMOLED,16M,[]
Samsung,Galaxy S5,145,360,http://cdn2.gsmarena.com/vv/bigpic/samsung-galaxy-s5-g900f.jpg,142.0,72.5,8.1,1080 x 1920,32.0,16,2.0,2800.0,1,69.6,2.5,2.0,Super AMOLED,16M,[]
Samsung,Galaxy Star Trios S5283,105,120,http://cdn2.gsmarena.com/vv/bigpic/samsung-galaxy-star-trios-s5283.jpg,106.0,61.0,11.0,240 x 320,4.0,2,,1300.0,1,47.2,1.0,524288.0,TFT,256K,[]
Samsung,Galaxy Note 3 Neo Duos,162.5,410,http://cdn2.gsmarena.com/vv/bigpic/-samsung-galaxy-note-3-neo-new1.jpg,148.4,77.4,8.6,720 x 1280,16.0,8,2.0,3100.0,1,72.6,1.6,2.0,Super AMOLED,16M,[]
Samsung,Galaxy Note 3 Neo,162.5,320,http://cdn2.gsmarena.com/vv/bigpic/-samsung-galaxy-note-3-neo-new1.jpg,148.4,77.4,8.6,720 x 1280,16.0,8,2.0,3100.0,1,72.6,1.3,2.0,Super AMOLED,16M,[]
Samsung,Galaxy Tab 3 Lite 7.0 3G,322,190,http://cdn2.gsmarena.com/vv/bigpic/samsung-galaxy-tab-3-lite-3g.jpg,193.4,116.4,9.7,600 x 1024,8.0,2,,3600.0,0,61.3,1.2,1.0,TFT,16M,[]
Samsung,Galaxy Tab 3 Lite 7.0,310,150,http://cdn2.gsmarena.com/vv/bigpic/samsung-galaxy-tab-3-lite.jpg,193.4,116.4,9.7,600 x 1024,8.0,2,,3600.0,0,61.3,1.2,1.0,TFT,16M,[]
Samsung,Galaxy Grand Neo,163,130,http://cdn2.gsmarena.com/vv/bigpic/samsung-galaxy-grand-neo.jpg,143.7,77.1,9.6,480 x 800,16.0,5,2.0,2100.0,1,64.5,1.2,1.0,TFT,16M,[]
Samsung,Galaxy Note Pro 12.2 LTE,753,670,http://cdn2.gsmarena.com/vv/bigpic/samsung-note-pro-122.jpg,295.6,204.0,8.0,2560 x 1600,64.0,8,2.0,9500.0,0,71.6,2.3,3.0,,16M,[]
Samsung,Galaxy Note Pro 12.2 3G,753,640,http://cdn2.gsmarena.com/vv/bigpic/samsung-note-pro-122.jpg,295.5,204.0,8.0,2560 x 1600,64.0,8,2.0,9500.0,0,71.6,1.9,3.0,,16M,[]
Samsung,Galaxy Note Pro 12.2,750,540,http://cdn2.gsmarena.com/vv/bigpic/samsung-note-pro-122.jpg,295.6,203.9,8.0,2560 x 1600,64.0,8,2.0,9500.0,0,71.6,1.9,3.0,,16M,[]
Samsung,Galaxy Tab Pro 12.2 LTE,740,500,http://cdn2.gsmarena.com/vv/bigpic/samsung-tab-pro-122.jpg,295.6,204.0,8.0,2560 x 1600,64.0,8,2.0,9500.0,0,71.6,2.3,3.0,,16M,[]
Samsung,Galaxy Tab Pro 12.2 3G,732,470,http://cdn2.gsmarena.com/vv/bigpic/samsung-tab-pro-122.jpg,295.6,204.0,8.0,2560 x 1600,64.0,8,2.0,9500.0,0,71.6,1.9,3.0,,16M,[]
Samsung,Galaxy Tab Pro 12.2,730.2,420,http://cdn2.gsmarena.com/vv/bigpic/samsung-tab-pro-122.jpg,295.4,203.7,7.9,2560 x 1600,64.0,8,2.0,9500.0,0,71.7,1.9,3.0,,16M,[]
Samsung,Galaxy Tab Pro 10.1 LTE,477,420,http://cdn2.gsmarena.com/vv/bigpic/samsung-tab-pro-101.jpg,243.1,171.4,7.3,2560 x 1600,32.0,8,2.0,8220.0,0,71.0,2.3,2.0,,16M,[]
Samsung,Galaxy Tab Pro 10.1,469,360,http://cdn2.gsmarena.com/vv/bigpic/samsung-tab-pro-101.jpg,243.1,171.4,7.3,2560 x 1600,32.0,8,2.0,8220.0,0,71.0,1.9,2.0,,16M,[]
Samsung,Galaxy Tab Pro 8.4 3G/LTE,335,420,http://cdn2.gsmarena.com/vv/bigpic/samsung-tab-pro-84.jpg,219.0,128.5,7.2,1600 x 2560,32.0,8,2.0,4800.0,0,72.7,2.3,2.0,,16M,[]
Samsung,Galaxy Tab Pro 8.4,331,290,http://cdn2.gsmarena.com/vv/bigpic/samsung-tab-pro-84.jpg,219.0,128.5,7.2,1600 x 2560,32.0,8,2.0,4800.0,0,72.7,2.3,2.0,,16M,[]
Samsung,Galaxy S4 Active LTE-A,147,410,http://cdn2.gsmarena.com/vv/bigpic/samsung-i9295-galaxy-s4-active-ofic.jpg,139.7,71.3,9.1,1080 x 1920,32.0,13,2.0,2600.0,1,69.2,2.3,2.0,TFT,16M,[]
Samsung,Galaxy J,146,450,http://cdn2.gsmarena.com/vv/bigpic/samsung-galaxy-j.jpg,137.0,70.0,8.6,1080 x 1920,16.0,13,2.0,2600.0,1,71.9,2.3,3.0,Super AMOLED,16M,[]
Samsung,Galaxy S Duos 2 S7582,118,130,http://cdn2.gsmarena.com/vv/bigpic/Samsung-Galaxy-S-Duos-2-GT-S7582.jpg,121.5,63.1,10.6,480 x 800,4.0,5,,1500.0,1,59.4,1.2,786432.0,TFT,16M,[]
Samsung,Galaxy Grand 2,163,180,http://cdn2.gsmarena.com/vv/bigpic/samsung-galaxy-grand-2.jpg,146.8,75.3,8.9,720 x 1280,8.0,8,9.0,2600.0,1,68.7,1.2,1.5,TFT,16M,[]
Samsung,I9230 Galaxy Golden,179,590,http://cdn2.gsmarena.com/vv/bigpic/samsung-galaxy-golden.jpg,118.0,59.5,15.8,480 x 800,16.0,8,9.0,1820.0,1,55.5,1.7,1.5,Super AMOLED,16M,[]
Samsung,Galaxy Express 2,134.2,210,http://cdn2.gsmarena.com/vv/bigpic/samsung-galaxy-express-2-lte.jpg,132.4,65.7,9.8,540 x 960,8.0,5,,2100.0,1,64.2,1.7,1.5,TFT,16M,[]
Samsung,I9506 Galaxy S4,130,390,http://cdn2.gsmarena.com/vv/bigpic/samsung-galaxy-s-4-i9500-black-mist.jpg,136.6,69.8,7.9,1080 x 1920,32.0,13,2.0,2600.0,1,72.3,2.3,2.0,Super AMOLED,16M,[]
Samsung,Galaxy Round G910S,154,680,http://cdn2.gsmarena.com/vv/bigpic/samsung-galaxy-round.jpg,151.1,79.6,7.9,1080 x 1920,32.0,13,2.0,2800.0,1,74.5,2.3,3.0,AMOLED,16M,['Super Flexible AMOLED']
Samsung,Galaxy Note 10.1 (2014 Edition),540,370,http://cdn2.gsmarena.com/vv/bigpic/samsung-galaxy-note-101-2014-new.jpg,243.1,171.4,7.9,2560 x 1600,64.0,8,2.0,8220.0,0,71.0,2.3,3.0,,16M,[]
Samsung,Galaxy Note 3,168,420,http://cdn2.gsmarena.com/vv/bigpic/samsung-galaxy-note-3.jpg,151.2,79.2,8.3,1080 x 1920,64.0,13,2.0,3200.0,1,74.8,2.3,3.0,Super AMOLED,16M,[]
Samsung,Galaxy Prevail 2,130.4,140,http://cdn2.gsmarena.com/vv/bigpic/samsung-galaxy-prevail-2.jpg,122.0,63.5,12.7,480 x 800,4.0,5,3.0,1750.0,1,58.8,1.4,524288.0,,,[]
Samsung,Galaxy S4 zoom,208,280,http://cdn2.gsmarena.com/vv/bigpic/samsung-galaxy-s4-zoom.jpg,125.5,63.5,15.4,540 x 960,8.0,16,9.0,2330.0,1,64.0,1.5,1.5,Super AMOLED,16M,[]
Samsung,Galaxy Ace 3,115,130,http://cdn2.gsmarena.com/vv/bigpic/samsung-galaxy-ace-3.jpg,121.2,62.7,9.8,480 x 800,4.0,5,,,1,59.9,1.0,1.0,TFT,16M,[]
Samsung,I9190 Galaxy S4 mini,107,230,http://cdn2.gsmarena.com/vv/bigpic/samsung-galaxy-s4-mini-I9190-ofic.jpg,124.6,61.3,8.9,540 x 960,8.0,8,9.0,1900.0,1,66.7,1.7,1.5,Super AMOLED,16M,[]
Samsung,I9295 Galaxy S4 Active,153,310,http://cdn2.gsmarena.com/vv/bigpic/samsung-i9295-galaxy-s4-active-ofic.jpg,139.7,71.3,9.1,1080 x 1920,16.0,8,2.0,2600.0,1,69.2,1.9,2.0,TFT,16M,[]
Samsung,Galaxy Tab 3 8.0,314,270,http://cdn2.gsmarena.com/vv/bigpic/samsung-galaxy-tab-3-80-ofic.jpg,209.8,123.8,7.4,800 x 1280,32.0,5,3.0,4450.0,0,71.4,1.5,1.5,TFT,16M,[]
Samsung,Galaxy Tab 3 10.1 P5220,510,290,http://cdn2.gsmarena.com/vv/bigpic/samsung-galaxy-tab-3-101-p5200.jpg,243.1,176.1,8.0,1280 x 800,32.0,15,3.0,6800.0,0,69.1,1.6,1.0,TFT,16M,[]
Samsung,Galaxy Tab 3 10.1 P5200,510,330,http://cdn2.gsmarena.com/vv/bigpic/samsung-galaxy-tab-3-101-p5200.jpg,243.1,176.1,8.0,1280 x 800,32.0,15,3.0,6800.0,0,69.1,1.6,1.0,TFT,16M,[]
Samsung,Galaxy Tab 3 10.1 P5210,510,260,http://cdn2.gsmarena.com/vv/bigpic/samsung-galaxy-tab-3-101-p5200.jpg,243.1,176.1,8.0,1280 x 800,32.0,15,3.0,6800.0,0,69.1,1.6,1.0,TFT,16M,[]
Samsung,Galaxy Exhibit T599,119.1,90,http://cdn2.gsmarena.com/vv/bigpic/samsung-galaxy-exhibit-t599.jpg,121.4,62.5,10.4,480 x 800,4.0,5,9.0,1500.0,1,54.2,1.0,1.0,,16M,[]
Samsung,Galaxy Core I8260,124,160,http://cdn2.gsmarena.com/vv/bigpic/samsung-galaxy-core-gt-i8260.jpg,129.3,67.6,9.0,480 x 800,8.0,5,,1800.0,1,60.2,1.2,1.0,TFT,16M,[]
Samsung,Galaxy Tab 3 7.0 WiFi,302,140,http://cdn2.gsmarena.com/vv/bigpic/samsung-galaxy-tab-3-70-wifi.jpg,188.0,111.1,9.9,600 x 1024,16.0,15,3.0,4000.0,0,66.0,1.2,1.0,TFT,16M,[]
Samsung,Galaxy Tab 3 7.0,306,150,http://cdn2.gsmarena.com/vv/bigpic/samsung-galaxy-tab-3-70-3g.jpg,188.0,111.1,9.9,600 x 1024,16.0,15,3.0,4000.0,0,66.0,1.2,1.0,TFT,16M,[]
Samsung,Galaxy Mega 6.3 I9200,199,300,http://cdn2.gsmarena.com/vv/bigpic/samsung-galaxy-mega-6-3.jpg,167.6,88.0,8.0,720 x 1280,16.0,8,9.0,3200.0,1,74.2,1.7,1.5,,16M,['SC-LCD']
Samsung,Galaxy Win I8550,143.9,170,http://cdn2.gsmarena.com/vv/bigpic/samsung-galaxy-win-i8552.jpg,133.3,70.7,9.7,480 x 800,8.0,5,,2000.0,1,66.7,1.2,1.0,TFT,,[]
Samsung,Galaxy Star S5280,100.5,70,http://cdn2.gsmarena.com/vv/bigpic/samsung-galaxy-star-s5280.jpg,105.0,58.0,11.9,240 x 320,4.0,2,,1200.0,1,45.8,1.0,524288.0,TFT,65K,[]
Samsung,I9505 Galaxy S4,130,330,http://cdn2.gsmarena.com/vv/bigpic/samsung-galaxy-s-4-i9500-black-mist.jpg,136.6,69.8,7.9,1080 x 1920,64.0,13,2.0,2600.0,1,72.3,1.9,2.0,Super AMOLED,16M,[]
Samsung,I9500 Galaxy S4,130,320,http://cdn2.gsmarena.com/vv/bigpic/samsung-galaxy-s-4-i9500-black-mist.jpg,136.6,69.8,7.9,1080 x 1920,64.0,13,2.0,2600.0,1,72.3,1.6,2.0,Super AMOLED,16M,[]
Samsung,I9502 Galaxy S4,132,460,http://cdn2.gsmarena.com/vv/bigpic/samsung-galaxy-s-4-i9500-black-mist.jpg,136.6,69.8,7.9,1080 x 1920,64.0,13,2.0,2600.0,1,72.3,1.6,2.0,Super AMOLED,16M,[]
Samsung,Galaxy S4 CDMA,130.1,440,http://cdn2.gsmarena.com/vv/bigpic/samsung-galaxy-s4-verizon.jpg,136.7,69.6,7.9,1080 x 1920,16.0,13,2.0,2600.0,1,72.4,1.9,2.0,Super AMOLED,16M,[]
Samsung,Galaxy Note 8.0,338,320,http://cdn2.gsmarena.com/vv/bigpic/samsung-galaxy-note-80-n5100.jpg,210.8,135.9,8.0,800 x 1280,32.0,5,3.0,4600.0,0,64.8,1.6,2.0,TFT,16M,[]
Samsung,Galaxy Note 8.0 Wi-Fi,338,280,http://cdn2.gsmarena.com/vv/bigpic/samsung-galaxy-note-80-n5110.jpg,210.8,135.9,8.0,800 x 1280,32.0,5,3.0,4600.0,0,64.8,1.6,2.0,TFT,16M,[]
Samsung,Galaxy Young S6310,112,90,http://cdn2.gsmarena.com/vv/bigpic/samsung-galaxy-young-ss.jpg,109.4,58.6,12.5,320 x 480,4.0,15,,1300.0,1,49.7,1.0,786432.0,TFT,256K,[]
Samsung,Galaxy Fame S6810,120.6,120,http://cdn2.gsmarena.com/vv/bigpic/samsung-galaxy-frame.jpg,113.2,61.6,11.6,320 x 480,4.0,5,,1300.0,1,52.3,1.0,524288.0,TFT,256K,[]
Samsung,Galaxy Express I8730,139.1,180,http://cdn2.gsmarena.com/vv/bigpic/samsung-galaxy-express.jpg,132.2,69.1,9.3,480 x 800,8.0,5,3.0,2000.0,1,63.1,1.2,1.0,Super AMOLED,16M,['Super AMOLED Plus']
Samsung,S7710 Galaxy Xcover 2,148.5,190,http://cdn2.gsmarena.com/vv/bigpic/samsung-galaxy-xcover-2.jpg,130.5,67.7,12.0,480 x 800,4.0,5,,1700.0,1,51.5,1.0,1.0,TFT,16M,[]
Samsung,I9105 Galaxy S II Plus,121,210,http://cdn2.gsmarena.com/vv/bigpic/samsung-galaxy-s-ii-plus-i9105p-ofic.jpg,125.3,66.1,8.5,480 x 800,8.0,8,2.0,1650.0,1,63.5,1.2,1.0,Super AMOLED,16M,['Super AMOLED Plus']
Samsung,Ativ Odyssey I930,125,200,http://cdn2.gsmarena.com/vv/bigpic/samsung-ativ-odyssey-new.jpg,122.4,63.8,10.9,480 x 800,8.0,5,2.0,2100.0,1,58.3,1.5,1.0,Super AMOLED,16M,[]
Samsung,Galaxy Grand I9082,162,180,http://cdn2.gsmarena.com/vv/bigpic/samsung-galaxy-grand-gt-i9080.jpg,143.5,76.9,9.6,480 x 800,8.0,8,2.0,2100.0,1,64.5,1.2,1.0,TFT,16M,[]
Samsung,Galaxy Grand I9080,162,210,http://cdn2.gsmarena.com/vv/bigpic/samsung-galaxy-grand-gt-i9080.jpg,143.5,76.9,9.6,480 x 800,8.0,8,2.0,2100.0,1,64.5,1.2,1.0,TFT,16M,[]
Samsung,Galaxy Note LTE 10.1 N8020,600,390,http://cdn2.gsmarena.com/vv/bigpic/samsung-galaxy-note-101-lte-n8020.jpg,262.0,180.0,8.9,800 x 1280,64.0,5,9.0,7000.0,0,62.7,1.4,2.0,,16M,[]
Samsung,Galaxy Stratosphere II I415,154,170,http://cdn2.gsmarena.com/vv/bigpic/samsung-galaxy-stratosphere-II.jpg,126.2,65.5,13.5,480 x 800,8.0,5,3.0,1800.0,1,55.1,1.2,1.0,Super AMOLED,16M,[]
Samsung,Galaxy Discover S730M,122,80,http://cdn2.gsmarena.com/vv/bigpic/samsung-galaxy-discover.jpg,112.8,61.5,11.5,320 x 480,4.0,15,,1300.0,1,52.6,800000.0,524288.0,TFT,256K,[]
Samsung,Galaxy Pop SHV-E220,134,110,http://cdn2.gsmarena.com/vv/bigpic/samsung-galaxy-pop-shv-e220.jpg,134.2,68.1,9.1,720 x 1280,16.0,8,9.0,2100.0,1,65.2,1.4,1.0,Super AMOLED,16M,[]
Samsung,Galaxy Premier I9260,130,260,http://cdn2.gsmarena.com/vv/bigpic/samsung-galaxy-premier-i9260-new.jpg,134.2,68.0,9.0,720 x 1280,16.0,8,9.0,2100.0,1,65.3,1.5,1.0,Super AMOLED,16M,[]
Samsung,Google Nexus 10 P8110,603,260,http://cdn2.gsmarena.com/vv/bigpic/samsung-google-nexus-10-new.jpg,263.9,177.6,8.9,2560 x 1600,32.0,5,9.0,9000.0,0,63.1,1.7,2.0,PLS,16M,[]
Samsung,Ativ Tab P8510,570,440,http://cdn2.gsmarena.com/vv/bigpic/samsung-ativ-tab.jpg,265.8,168.1,8.9,1366 x 768,64.0,5,9.0,8200.0,0,62.9,1.5,2.0,PLS,16M,[]
Samsung,I8190 Galaxy S III mini,111.5,130,http://cdn2.gsmarena.com/vv/bigpic/samsung-galaxy-s-iii-mini-i8190.jpg,121.6,63.0,9.9,480 x 800,16.0,5,,1500.0,1,59.4,1.0,1.0,Super AMOLED,16M,[]
Samsung,Galaxy Rugby Pro I547,159,150,http://cdn2.gsmarena.com/vv/bigpic/samsung-galaxy-rugby-pro-i547.jpg,128.0,67.0,12.7,480 x 800,8.0,5,3.0,1850.0,1,53.1,1.5,1.0,Super AMOLED,16M,[]
Samsung,Galaxy Express I437,136,160,http://cdn2.gsmarena.com/vv/bigpic/samsung-galaxy-express-i437.jpg,132.6,69.3,9.1,480 x 800,8.0,5,3.0,2000.0,1,62.7,1.5,1.0,Super AMOLED,16M,['Super AMOLED Plus']
Samsung,I9305 Galaxy S III,131,320,http://cdn2.gsmarena.com/vv/bigpic/samsung-i9300-galaxy-s-iii-ofic.jpg,136.6,70.6,8.6,720 x 1280,16.0,8,9.0,2100.0,1,65.9,1.4,2.0,Super AMOLED,16M,[]
Samsung,Galaxy Victory 4G LTE L300,139,150,http://cdn2.gsmarena.com/vv/bigpic/samsung-galaxy-victory-4g-lte-sph-l300.jpg,121.9,63.5,12.7,480 x 800,4.0,5,3.0,2100.0,1,58.8,1.2,1.0,TFT,16M,[]
Samsung,Galaxy S Relay 4G T699,147,150,http://cdn2.gsmarena.com/vv/bigpic/samsung-galaxy-s-relay-4g.jpg,126.0,66.0,13.5,480 x 800,8.0,5,,1800.0,1,54.8,1.5,1.0,Super AMOLED,16M,[]
Samsung,Galaxy Note II N7100,183,300,http://cdn2.gsmarena.com/vv/bigpic/samsung-galaxy-note-ii-n7100-new.jpg,151.1,80.5,9.4,720 x 1280,64.0,8,9.0,3100.0,1,68.6,1.6,2.0,Super AMOLED,16M,[]
Samsung,Galaxy Note II CDMA,179.4,350,http://cdn2.gsmarena.com/vv/bigpic/samsung-galaxy-note-ii-cdma.jpg,151.1,80.5,9.4,720 x 1280,16.0,8,9.0,3100.0,1,68.6,1.6,2.0,Super AMOLED,16M,[]
Samsung,Ativ S I8750,135,220,http://cdn2.gsmarena.com/vv/bigpic/samsung-ativ-s-new.jpg,137.2,70.5,8.7,720 x 1280,32.0,8,9.0,2300.0,1,65.7,1.5,1.0,Super AMOLED,16M,[]
Samsung,Galaxy Camera GC100,300,250,http://cdn2.gsmarena.com/vv/bigpic/samsung-galaxy-camera-new.jpg,128.7,70.8,19.1,720 x 1280,4.0,3,,1650.0,1,69.7,1.4,1.0,,16M,[]
Samsung,Galaxy Rush M830,119.1,100,http://cdn2.gsmarena.com/vv/bigpic/samsung-galaxy-rush-sph-m830.jpg,122.9,59.9,11.9,320 x 480,2.0,15,3.0,1750.0,1,49.5,1.0,786432.0,TFT,,[]
Samsung,Galaxy Stellar 4G I200,134,150,http://cdn2.gsmarena.com/vv/bigpic/samsung-galaxy-stellar-sch-i200.jpg,122.0,64.0,12.0,480 x 800,4.0,15,3.0,2100.0,1,58.3,1.2,1.0,TFT,16M,[]
Samsung,Galaxy Reverb M950,129,150,http://cdn2.gsmarena.com/vv/bigpic/samsung-galaxy-reverb-m950.jpg,122.0,64.0,11.3,480 x 800,4.0,5,3.0,1700.0,1,58.3,1.4,786432.0,,16M,[]
Samsung,Galaxy Tab 2 7.0 I705,345.7,200,http://cdn2.gsmarena.com/vv/bigpic/samsung-galaxy-tab-2-sch-i705.jpg,193.8,122.4,10.4,600 x 1024,8.0,15,,4000.0,0,58.1,1.2,1.0,PLS,16M,[]
Samsung,Galaxy Note 10.1 N8000,600,320,http://cdn2.gsmarena.com/vv/bigpic/samsung-galaxy-note-101-n8000.jpg,262.0,180.0,8.9,800 x 1280,64.0,5,9.0,7000.0,0,62.7,1.4,2.0,PLS,16M,[]
Samsung,Galaxy Note 10.1 N8010,597,350,http://cdn2.gsmarena.com/vv/bigpic/samsung-galaxy-note-101-n8000.jpg,262.0,180.0,8.9,800 x 1280,64.0,5,9.0,7000.0,0,62.7,1.4,2.0,PLS,16M,[]
Samsung,Galaxy S Duos S7562,120,110,http://cdn2.gsmarena.com/vv/bigpic/samsung-galaxy-s-duos-s7562.jpg,121.5,63.1,10.5,480 x 800,4.0,5,,1500.0,1,59.4,1.0,786432.0,TFT,16M,[]
Samsung,Galaxy Appeal I827,114.2,120,http://cdn2.gsmarena.com/vv/bigpic/samsung-galaxy-appeal.jpg,112.0,57.7,14.2,320 x 480,4.0,15,,1300.0,1,47.2,800000.0,524288.0,,,[]
Samsung,Galaxy Tab 8.9 4G P7320T,458,220,http://cdn2.gsmarena.com/vv/bigpic/Samsung-GALAXY-Tab-8.9-4g.jpg,230.9,157.8,8.6,800 x 1280,32.0,15,2.0,6100.0,0,63.0,1.5,1.0,PLS,16M,[]
Samsung,Galaxy S III T999,133,310,http://cdn2.gsmarena.com/vv/bigpic/samsung-galaxy-s-iii-tmobile.jpg,136.6,70.6,8.6,720 x 1280,32.0,8,9.0,2100.0,1,65.9,1.5,2.0,Super AMOLED,16M,[]
Samsung,Galaxy S III I747,134,300,http://cdn2.gsmarena.com/vv/bigpic/samsung-galaxy-s-iii-att.jpg,136.6,70.6,8.6,720 x 1280,16.0,8,9.0,2100.0,1,65.9,1.5,2.0,Super AMOLED,16M,[]
Samsung,Galaxy S III CDMA,133.2,280,http://cdn2.gsmarena.com/vv/bigpic/samsung-galaxy-siii-verizon.jpg,137.2,71.1,7.6,720 x 1280,32.0,8,9.0,2100.0,1,65.1,1.5,2.0,Super AMOLED,16M,[]
Samsung,I9300 Galaxy S III,133,190,http://cdn2.gsmarena.com/vv/bigpic/samsung-i9300-galaxy-s-iii-ofic.jpg,136.6,70.6,8.6,720 x 1280,64.0,8,9.0,2100.0,1,65.9,1.4,1.0,Super AMOLED,16M,[]
Samsung,I8530 Galaxy Beam,145.3,240,http://cdn2.gsmarena.com/vv/bigpic/samsung-galaxy-beam-2012.jpg,124.0,64.2,12.5,480 x 800,8.0,5,3.0,2000.0,1,57.2,1.0,786432.0,TFT,16M,[]
Samsung,Galaxy Tab 2 10.1 P5110,581,290,http://cdn2.gsmarena.com/vv/bigpic/samsung-galaxy-tab-2-101.jpg,256.6,175.3,9.7,800 x 1280,32.0,15,,7000.0,0,65.8,1.0,1.0,PLS,16M,[]
Samsung,Galaxy Tab 2 10.1 P5100,588,290,http://cdn2.gsmarena.com/vv/bigpic/samsung-galaxy-tab-2-101.jpg,256.6,175.3,9.7,800 x 1280,32.0,15,,7000.0,0,65.8,1.0,1.0,PLS,16M,[]
Samsung,Rugby Smart I847,119,170,http://cdn2.gsmarena.com/vv/bigpic/samsung-rugby-smart.jpg,122.4,65.9,12.2,480 x 800,4.0,5,3.0,1650.0,1,48.3,1.4,524288.0,Super AMOLED,16M,[]
Samsung,Galaxy Ace 2 I8160,122,130,http://cdn2.gsmarena.com/vv/bigpic/samsung-galaxy-ace-2.jpg,118.3,62.2,10.5,480 x 800,4.0,5,,1500.0,1,55.9,800000.0,786432.0,PLS,16M,[]
Samsung,Galaxy mini 2 S6500,105.3,90,http://cdn2.gsmarena.com/vv/bigpic/samsung-galaxy-mini-2-s6500-ofic.jpg,109.4,58.6,11.6,320 x 480,4.0,15,,1300.0,1,49.7,800000.0,524288.0,TFT,256K,[]
Samsung,Galaxy Pop Plus S5570i,106.6,100,http://cdn2.gsmarena.com/vv/bigpic/samsung-galaxy-pop-plus-s5570i.jpg,110.4,60.6,12.1,240 x 320,,15,,1200.0,1,45.6,832000.0,393216.0,TFT,256K,[]
Samsung,Galaxy Tab 2 7.0 P3110,344,150,http://cdn2.gsmarena.com/vv/bigpic/samsung-galaxy-tab-2.jpg,193.7,122.4,10.5,600 x 1024,32.0,15,,4000.0,0,58.2,1.0,1.0,PLS,16M,[]
Samsung,Galaxy Tab 2 7.0 P3100,345,150,http://cdn2.gsmarena.com/vv/bigpic/samsung-galaxy-tab-2.jpg,193.7,122.4,10.5,600 x 1024,32.0,15,,4000.0,0,58.2,1.0,1.0,PLS,16M,[]
Samsung,I9070 Galaxy S Advance,120,150,http://cdn2.gsmarena.com/vv/bigpic/samsung-galaxy-s-advance.jpg,123.2,63.0,9.7,480 x 800,16.0,5,3.0,1500.0,1,58.7,1.0,786432.0,Super AMOLED,16M,[]
Samsung,Galaxy Nexus I9250M,135,240,http://cdn2.gsmarena.com/vv/bigpic/samsung-galaxy-nexus-tellus.jpg,135.5,67.9,8.9,720 x 1280,,5,3.0,1750.0,1,64.8,1.2,1.0,Super AMOLED,16M,[]
Samsung,Galaxy S Blaze 4G T769,127.6,140,http://cdn2.gsmarena.com/vv/bigpic/samsung-galaxy-s-blaze-4g.jpg,121.9,63.0,11.2,480 x 800,3.0,5,3.0,1750.0,1,58.4,1.5,1.0,Super AMOLED,16M,[]
Samsung,Galaxy Tab 7.7 LTE I815,340.2,280,http://cdn2.gsmarena.com/vv/bigpic/Samsung-Galaxy-Tab-7.7-LTE-i815.jpg,196.6,133.1,7.9,800 x 1280,32.0,15,2.0,5100.0,0,65.7,1.4,1.0,Super AMOLED,16M,['Super AMOLED Plus']
Samsung,Galaxy Note T879,180,350,http://cdn2.gsmarena.com/vv/bigpic/samsung-galaxy-note-t-mobile-sgh-t879.jpg,146.8,83.1,9.7,800 x 1280,16.0,8,2.0,2500.0,1,66.8,1.5,1.0,Super AMOLED,16M,[]
Samsung,Galaxy Note I717,178,350,http://cdn2.gsmarena.com/vv/bigpic/samsung-galaxy-note-lte-new.jpg,146.8,83.0,9.7,800 x 1280,16.0,8,2.0,2500.0,1,66.8,1.5,1.0,Super AMOLED,16M,[]
Samsung,Galaxy Ace Plus S7500,115,120,http://cdn2.gsmarena.com/vv/bigpic/samsung-galaxy-ace-plus.jpg,114.5,62.5,11.2,320 x 480,3.0,5,,1300.0,1,55.4,1.0,524288.0,TFT,16M,[]
Samsung,I929 Galaxy S II Duos,138,190,http://cdn2.gsmarena.com/vv/bigpic/samsung-galaxy-s-ii-duos.jpg,129.8,68.9,9.7,480 x 800,16.0,8,2.0,1800.0,1,65.0,1.2,1.0,Super AMOLED,16M,['Super AMOLED Plus']
Samsung,I110 Illusion,120,70,http://cdn2.gsmarena.com/vv/bigpic/samsung-illusion-sch-i110-verizon.jpg,114.4,59.9,11.7,320 x 480,2.0,15,,1500.0,1,53.2,1.0,524288.0,TFT,,[]
Samsung,Galaxy S II Skyrocket i727,130.5,180,http://cdn2.gsmarena.com/vv/bigpic/samsung-galaxy-s-ii-skyrocket.jpg,129.8,68.8,9.5,480 x 800,16.0,8,2.0,1850.0,1,64.5,1.5,1.0,Super AMOLED,16M,['Super AMOLED Plus']
Samsung,Exhibit II 4G T679,116,100,http://cdn2.gsmarena.com/vv/bigpic/samsung-exhibit-ii-4g.jpg,115.0,60.0,11.0,480 x 800,1.0,15,,1500.0,1,56.5,1.0,524288.0,TFT,16M,[]
Samsung,Galaxy Nexus i515,150,150,http://cdn2.gsmarena.com/vv/bigpic/samsung-galaxy-nexus-i515.jpg,135.5,67.9,9.5,720 x 1280,32.0,5,3.0,1850.0,1,64.8,1.2,1.0,Super AMOLED,16M,[]
Samsung,Galaxy Nexus I9250,135,180,http://cdn2.gsmarena.com/vv/bigpic/samsung-galaxy-nexus-new.jpg,135.5,67.9,8.9,720 x 1280,16.0,5,3.0,1750.0,1,64.8,1.2,1.0,Super AMOLED,16M,[]
Samsung,I9100G Galaxy S II,116,220,http://cdn2.gsmarena.com/vv/bigpic/samsung-i9100g-galaxy-s-ii.jpg,125.3,66.1,8.5,480 x 800,16.0,8,2.0,1650.0,1,63.5,1.2,1.0,Super AMOLED,16M,['Super AMOLED Plus']
Samsung,i927 Captivate Glide,147,110,http://cdn2.gsmarena.com/vv/bigpic/samsung-captivate-glide.jpg,124.0,64.0,13.0,480 x 800,8.0,8,3.0,1650.0,1,57.4,1.0,1.0,Super AMOLED,16M,[]
Samsung,DoubleTime I857,148,70,http://cdn2.gsmarena.com/vv/bigpic/samsung-doubletime.jpg,113.0,62.0,15.0,320 x 480,,15,,1200.0,1,43.5,800000.0,262144.0,TFT,256K,[]
Samsung,P6210 Galaxy Tab 7.0 Plus,345,260,http://cdn2.gsmarena.com/vv/bigpic/samsung-galaxy-tab-plus-p6210.jpg,193.7,122.4,9.9,600 x 1024,32.0,15,2.0,4000.0,0,58.2,1.2,1.0,PLS,16M,[]
Samsung,P6200 Galaxy Tab 7.0 Plus,345,260,http://cdn2.gsmarena.com/vv/bigpic/samsung-galaxy-tab-plus-p6200.jpg,193.7,122.4,9.9,600 x 1024,32.0,15,2.0,4000.0,0,58.2,1.2,1.0,PLS,16M,[]
Samsung,Omnia W I8350,115.3,150,http://cdn2.gsmarena.com/vv/bigpic/samsung-omnia-w-i8350.jpg,115.6,58.8,10.9,480 x 800,8.0,5,,1500.0,1,57.3,1.4,524288.0,Super AMOLED,16M,[]
Samsung,Galaxy S II HD LTE,130.5,180,http://cdn2.gsmarena.com/vv/bigpic/samsung-galaxy-s-ii-hd-lte.jpg,129.8,68.8,9.5,720 x 1280,16.0,8,2.0,1850.0,1,66.7,1.5,1.0,Super AMOLED,16M,[]
Samsung,P6810 Galaxy Tab 7.7,340,280,http://cdn2.gsmarena.com/vv/bigpic/samsung-p6810-galaxy-tab-77.jpg,196.7,133.0,7.9,800 x 1280,64.0,15,2.0,5100.0,0,65.7,1.4,1.0,Super AMOLED,16M,['Super AMOLED Plus']
Samsung,P6800 Galaxy Tab 7.7,340,280,http://cdn2.gsmarena.com/vv/bigpic/samsung-p6800-galaxy-tab-7-7.jpg,196.7,133.0,7.9,800 x 1280,64.0,15,2.0,5100.0,0,65.7,1.4,1.0,Super AMOLED,16M,['Super AMOLED Plus']
Samsung,Galaxy Note N7000,178,270,http://cdn2.gsmarena.com/vv/bigpic/samsung-galaxy-note.jpg,146.9,83.0,9.7,800 x 1280,32.0,8,2.0,2500.0,1,66.8,1.4,1.0,Super AMOLED,16M,[]
Samsung,Galaxy S II I777,121.9,170,http://cdn2.gsmarena.com/vv/bigpic/samsung-galaxy-sii-att.jpg,126.0,66.0,8.9,480 x 800,32.0,8,2.0,1650.0,1,63.3,1.2,1.0,Super AMOLED,16M,['Super AMOLED Plus']
Samsung,Galaxy S II X T989D,109,180,http://cdn2.gsmarena.com/vv/bigpic/samsung-galaxy-s-x-t989d.jpg,131.0,67.3,9.4,480 x 800,16.0,8,2.0,,1,66.0,1.5,1.0,Super AMOLED,16M,['Super AMOLED Plus']
Samsung,Galaxy S II T989,135,160,http://cdn2.gsmarena.com/vv/bigpic/samsung-galaxy-sii-tmobile.jpg,129.8,68.8,9.4,480 x 800,32.0,8,2.0,1850.0,1,65.1,1.5,1.0,Super AMOLED,16M,['Super AMOLED Plus']
Samsung,Galaxy S II Epic 4G Touch,130,130,http://cdn2.gsmarena.com/vv/bigpic/samsung-epic-touch.jpg,130.0,70.0,10.0,480 x 800,16.0,8,2.0,1800.0,1,63.9,1.2,1.0,Super AMOLED,16M,['Super AMOLED Plus']
Samsung,Galaxy S II LTE i727R,132,160,http://cdn2.gsmarena.com/vv/bigpic/samsung-galaxy-s-ii-lte-i727r-rogers.jpg,130.9,69.9,9.4,480 x 800,16.0,8,2.0,1850.0,1,63.0,1.5,1.0,Super AMOLED,16M,['Super AMOLED Plus']
Samsung,Galaxy S II LTE I9210,132,200,http://cdn2.gsmarena.com/vv/bigpic/samsung-galaxy-s-ii-lte.jpg,130.9,69.9,9.4,480 x 800,16.0,8,2.0,1850.0,1,63.0,1.5,1.0,Super AMOLED,16M,['Super AMOLED Plus']
Samsung,Galaxy W I8150,114.7,160,http://cdn2.gsmarena.com/vv/bigpic/samsung-galaxy-ancora.jpg,115.5,59.8,11.5,480 x 800,2.0,5,,1500.0,1,56.4,1.4,524288.0,TFT,16M,[]
Samsung,Galaxy S II 4G I9100M,116,260,http://cdn2.gsmarena.com/vv/bigpic/samsung-galaxy-s-ii-4g-new.jpg,125.3,66.1,8.5,480 x 800,16.0,8,2.0,1700.0,1,63.5,1.2,1.0,Super AMOLED,16M,['Super AMOLED Plus']
Samsung,I9103 Galaxy R,135,200,http://cdn2.gsmarena.com/vv/bigpic/samsung-i9103-galaxy-r.jpg,125.0,66.0,9.5,480 x 800,8.0,5,3.0,1650.0,1,60.9,1.0,1.0,,16M,['SC-LCD']
Samsung,Exhibit 4G,125,200,http://cdn2.gsmarena.com/vv/bigpic/samsung-exhibit-4g.jpg,119.0,58.0,13.0,480 x 800,1.0,15,,1500.0,1,50.5,1.0,524288.0,AMOLED,16M,[]
Samsung,I9001 Galaxy S Plus,119,230,http://cdn2.gsmarena.com/vv/bigpic/samsung-i9001-galaxy-s-plus.jpg,122.4,64.2,9.9,480 x 800,16.0,5,,1650.0,1,58.0,1.4,524288.0,Super AMOLED,16M,[]
Samsung,Google Nexus S I9020A,129,270,http://cdn2.gsmarena.com/vv/bigpic/samsung-nexus-s-i9020a.jpg,123.9,63.0,10.9,480 x 800,16.0,5,,1500.0,1,58.3,1.0,524288.0,Super AMOLED,16M,[]
Samsung,P1010 Galaxy Tab Wi-Fi,380,150,http://cdn2.gsmarena.com/vv/bigpic/samsung-p1010-galaxy-tab-wi-fi.jpg,190.1,120.5,12.0,600 x 1024,16.0,15,3.0,4000.0,0,60.2,1.0,606208.0,TFT,16M,[]
Samsung,P7500 Galaxy Tab 10.1 3G,565,370,http://cdn2.gsmarena.com/vv/bigpic/samsung-galaxy-tab-10.1.jpg,256.7,175.3,8.6,800 x 1280,64.0,15,2.0,7000.0,0,65.7,1.0,1.0,PLS,16M,[]
Samsung,Galaxy Tab 10.1 LTE I905,565,290,http://cdn2.gsmarena.com/vv/bigpic/samsung-galaxy-tab-10.1-verison.jpg,256.7,175.3,8.6,800 x 1280,32.0,15,2.0,6800.0,0,65.7,1.0,1.0,PLS,16M,[]
Samsung,Galaxy Tab 10.1 P7510,560,310,http://cdn2.gsmarena.com/vv/bigpic/samsung-galaxy-tab-10.1.jpg,256.7,175.3,8.6,800 x 1280,64.0,15,2.0,7000.0,0,65.7,1.0,1.0,PLS,16M,[]
Samsung,Galaxy Tab 8.9 P7300,453,290,http://cdn2.gsmarena.com/vv/bigpic/Samsung-GALAXY-Tab-8.9.jpg,230.9,157.8,8.6,800 x 1280,64.0,15,2.0,6000.0,0,63.0,1.0,1.0,PLS,16M,[]
Samsung,Galaxy Tab 8.9 P7310,447.9,350,http://cdn2.gsmarena.com/vv/bigpic/samsung-galaxy-tab-8.9-p7310.jpg,230.9,157.8,8.6,800 x 1280,64.0,15,2.0,6000.0,0,63.0,1.0,1.0,PLS,16M,[]
Samsung,Google Nexus S 4G,131,150,http://cdn2.gsmarena.com/vv/bigpic/Samsung-Nexus-S-4G.jpg,123.9,63.0,10.9,480 x 800,16.0,5,,1500.0,1,58.3,1.0,524288.0,Super AMOLED,16M,[]
Samsung,I9100 Galaxy S II,116,170,http://cdn2.gsmarena.com/vv/bigpic/samsung-galaxy-s-ii-real-ofic.jpg,125.3,66.1,8.5,480 x 800,32.0,8,2.0,1650.0,1,63.5,1.2,1.0,Super AMOLED,16M,['Super AMOLED Plus']
Samsung,I9003 Galaxy SL,131,150,http://cdn2.gsmarena.com/vv/bigpic/samsung-i9003-galaxy-s-sl.jpg,123.7,64.2,10.6,480 x 800,16.0,5,,1650.0,1,57.3,1.0,489472.0,,16M,['SC-LCD']
Samsung,Galaxy Ace S5830,113,90,http://cdn2.gsmarena.com/vv/bigpic/samsung-galaxy-mini-s5830-ofic.jpg,112.4,59.9,11.5,320 x 480,,5,,1350.0,1,54.2,800000.0,284672.0,TFT,16M,[]
Samsung,Galaxy Gio S5660,102,110,http://cdn2.gsmarena.com/vv/bigpic/samsung-galaxy-gio.jpg,110.5,57.5,12.2,320 x 480,,15,,1350.0,1,48.0,800000.0,284672.0,TFT,16M,[]
Samsung,Galaxy Mini S5570,105,90,http://cdn2.gsmarena.com/vv/bigpic/samsung-galaxy-mini-s5570.jpg,110.4,60.8,12.1,240 x 320,,15,,1200.0,1,45.5,600000.0,393216.0,TFT,256K,[]
Samsung,Galaxy S 4G T959,118,120,http://cdn2.gsmarena.com/vv/bigpic/samsung-galaxy-s-4g-new.jpg,122.4,64.5,9.9,480 x 800,1.0,5,,1650.0,1,57.7,1.0,524288.0,Super AMOLED,16M,[]
Samsung,Google Nexus S,129,170,http://cdn2.gsmarena.com/vv/bigpic/samsung-google-nexus-s-ofic.jpg,123.9,63.0,10.9,480 x 800,16.0,5,,1500.0,1,58.3,1.0,524288.0,Super AMOLED,16M,[]
Samsung,Galaxy Tab T-Mobile T849,380,270,http://cdn2.gsmarena.com/vv/bigpic/samsung-galaxy-tap-t-mobile.jpg,190.1,120.5,12.0,600 x 1024,16.0,15,3.0,4000.0,0,60.2,1.0,655360.0,TFT,16M,[]
Samsung,P1000 Galaxy Tab,380,150,http://cdn2.gsmarena.com/vv/bigpic/samsung-galaxy-tab-ofic.jpg,190.1,120.5,12.0,600 x 1024,32.0,15,3.0,4000.0,0,60.2,1.0,524288.0,TFT,16M,[]
Samsung,Mesmerize i500,117.9,100,http://cdn2.gsmarena.com/vv/bigpic/samsung-i500-mesmerize.jpg,124.5,64.3,9.9,480 x 800,2.0,5,,1500.0,1,56.9,1.0,524288.0,Super AMOLED,16M,[]
Samsung,i897 Captivate,118,170,http://cdn2.gsmarena.com/vv/bigpic/samsung-captivate.jpg,122.4,64.2,9.9,480 x 800,16.0,5,,1500.0,1,58.0,1.0,524288.0,Super AMOLED,16M,[]
Samsung,Epic 4G,155,200,http://cdn2.gsmarena.com/vv/bigpic/samsung-epic-4g.jpg,124.0,65.0,14.0,480 x 800,,5,,1500.0,1,56.5,1.0,524288.0,Super AMOLED,16M,[]
Samsung,Galaxy A,128,100,http://cdn2.gsmarena.com/vv/bigpic/samsung-galaxy-a.jpg,119.5,59.8,12.5,480 x 800,1.0,5,,1500.0,1,54.5,720000.0,393216.0,Super AMOLED,16M,[]
Samsung,I9000 Galaxy S,119,120,http://cdn2.gsmarena.com/vv/bigpic/samsung-galaxy-s.jpg,122.4,64.2,9.9,480 x 800,16.0,5,,1500.0,1,58.0,1.0,524288.0,Super AMOLED,16M,[]
Samsung,B7320 OmniaPRO,110,110,http://cdn2.gsmarena.com/vv/bigpic/samsung-b7320.jpg,111.8,59.6,12.6,320 x 240,,15,,1480.0,1,26.8,528000.0,262144.0,TFT,65K,[]
Samsung,I7500 Galaxy,116.7,140,http://cdn2.gsmarena.com/vv/bigpic/samsung-i7500.jpg,115.9,56.0,11.9,320 x 480,8.0,5,,1500.0,1,47.0,528000.0,131072.0,AMOLED,16M,[]
Samsung,i8910 Omnia HD,148,150,http://cdn2.gsmarena.com/vv/bigpic/samsung-omniahd.jpg,123.0,58.0,12.9,360 x 640,16.0,8,,1500.0,1,52.9,600000.0,262144.0,AMOLED,16M,[]
